{
  "y": [
    0.0031543032020682794,
    25.01096563176982
  ],
  "x": [
    [
      0.0015606197986642988,
      28.06702887747209
    ],
    [
      0.0011843339159303074,
      29.265258335923477
    ],
    [
      0.0011772710547764736,
      29.29123533723233
    ],
    [
      0.0011772202932336401,
      29.29142260025173
    ],
    [
      0.00117757330758827,
      29.290120471799
    ],
    [
      0.001177785089412968,
      29.28933948086192
    ],
    [
      0.0011778874486094077,
      29.288962059692413
    ],
    [
      0.0011779340809019174,
      29.28879012691173
    ],
    [
      0.001177955500832847,
      29.288711154128983
    ],
    [
      0.001177965182717262,
      29.28867545862357
    ]
  ],
  "z": [
    [
      0.0022286540179899295,
      26.51957347284874
    ],
    [
      0.002172101388759584,
      26.63119906730001
    ],
    [
      0.002162627932127082,
      26.650181920372702
    ],
    [
      0.0021605413537334945,
      26.65437416681433
    ],
    [
      0.0021600811642909445,
      26.65529930079885
    ],
    [
      0.002159988630265598,
      26.655485348795818
    ],
    [
      0.0021599753180725797,
      26.655512114815345
    ],
    [
      0.0021599773527677976,
      26.65550802376633
    ],
    [
      0.002159980031786269,
      26.655502637218106
    ],
    [
      0.0021599816834832427,
      26.65549931624941
    ]
  ]
}