step,crossentropy,val crossentropy
1,7128.728042140152,1559.0676380504262
2,1222.7041293057528,1313.4218694513495
