{
  "y": [
    0.0031543032020682794,
    25.01096563176982
  ],
  "x": [
    [
      0.0015606197986642988,
      28.06702887747209
    ],
    [
      0.001223770050895159,
      29.12300179420237
    ],
    [
      0.001244684922249657,
      29.049405713362646
    ],
    [
      0.0012737047332547272,
      28.949312372913212
    ],
    [
      0.0012957992588783205,
      28.874622727817616
    ],
    [
      0.001311324991103405,
      28.822896619700625
    ],
    [
      0.0013220866674883078,
      28.78740074367615
    ],
    [
      0.0013295637198899987,
      28.76290844091362
    ],
    [
      0.001334760059665595,
      28.74596797317183
    ],
    [
      0.0013383971396311832,
      28.7341500020146
    ]
  ],
  "z": [
    [
      0.0011465152386449025,
      29.406201685699678
    ],
    [
      0.0010290994429153443,
      29.87542656896746
    ],
    [
      0.0010387686044288664,
      29.83481184889238
    ],
    [
      0.0010597360588460662,
      29.74802287999703
    ],
    [
      0.0010774748774645259,
      29.675928471122177
    ],
    [
      0.0010906394704529078,
      29.62318789163676
    ],
    [
      0.001100067717825036,
      29.585805797758397
    ],
    [
      0.0011066903582933269,
      29.55973873697019
    ],
    [
      0.0011113481373585786,
      29.541498740474253
    ],
    [
      0.0011146627887070363,
      29.52856496879177
    ]
  ]
}