step,mse,val mse,PSNR,val PSNR,MSSSIM,val MSSSIM
1,7128.6070408676605,1558.942549272017,10.919413003054531,16.281057357788086,0.5456599360614112,0.7588732892816717
2,1222.3525612571023,1302.6411687677557,17.440762866627086,17.155212142250754,0.828611307071917,0.8533578352494673
3,1020.5079937559185,986.1332674893466,18.155239336418383,18.349513140591707,0.8790954730727456,0.8815492499958385
4,791.760176225142,665.8786399147727,19.28538732817679,20.06276356090199,0.9011150219223716,0.8996444994753058
