step,crossentropy,val crossentropy
1,940.8869324106764,398.61905670166016
2,328.3198029862673,256.83899084020544
3,208.01298928878163,164.4172967698839
